{
  "threshold": 0.008086185902357101,
  "precision": 0.953125,
  "recall": 1.0,
  "f1": 0.976,
  "false_positive_rate": 0.02521008403359226,
  "tp": 610,
  "fp": 30,
  "tn": 1160,
  "fn": 0
}